0,inf,0
300,200.398,9.99978e-09
600,199.203,9.99983e-09
900,196.008,9.99988e-09
1200,192.377,9.99983e-09
1500,193.215,1e-08
1800,192.917,1e-08
2100,190.592,1e-08
2400,189.695,9.99996e-09
2700,189.669,9.99996e-09
