0,inf,0
300,191.417,1.97662e-08
600,189.529,2.09607e-08
900,190.305,2.04253e-08
1200,189.124,2.07415e-08
1500,184.644,2.14418e-08
1800,186.565,2.09067e-08
2100,184.331,2.08744e-08
2400,183.997,2.14921e-08
2700,182.627,2.05923e-08
